{"cameraMode":{"drawMode":0,"name":"Shaded","section":"Shading Mode"},"sceneLighting":true,"audioPlay":false,"sceneViewState":{"m_AlwaysRefresh":false,"showFog":true,"showSkybox":true,"showFlares":true,"showImageEffects":true,"showParticleSystems":true,"showVisualEffectGraphs":true,"m_FxEnabled":true},"in2DMode":false,"pivot":{"x":0.035377852618694308,"y":-5.283308982849121,"z":0.4908873736858368},"rotation":{"x":-0.02284834161400795,"y":0.9712939858436585,"z":-0.21252326667308808,"w":-0.10442385077476502},"size":8.904762268066407,"orthographic":false}