{"cameraMode":{"drawMode":0,"name":"Shaded","section":"Shading Mode"},"sceneLighting":true,"audioPlay":false,"sceneViewState":{"m_AlwaysRefresh":false,"showFog":true,"showSkybox":true,"showFlares":true,"showImageEffects":true,"showParticleSystems":true,"showVisualEffectGraphs":true,"m_FxEnabled":true},"in2DMode":false,"pivot":{"x":7.01489782333374,"y":-17.907604217529298,"z":12.081453323364258},"rotation":{"x":-0.020656805485486985,"y":0.8976137042045593,"z":-0.43826669454574587,"w":-0.042307835072278979},"size":33.014854431152347,"orthographic":false}